{
    "acc_test_mean": 0.6446731033072917,
    "acc_train_mean": 0.6446932225036913,
    "dataset": "Adult",
    "loss_mean": 0.3622482733464612,
    "model": "convex",
    "n_features": 262,
    "n_samples": 47621,
    "nconditions_mean": 4.0,
    "nrules_mean": 2.0,
    "time_mean": 195.19327883618172
}