{
    "acc_test_mean": 0.9413308617260642,
    "acc_train_mean": 0.9413060929694101,
    "dataset": "Mushroom",
    "loss_mean": 0.06574296217004294,
    "model": "convex",
    "n_features": 184,
    "n_samples": 5644,
    "nconditions_mean": 5.185686446683238,
    "nrules_mean": 3.1776715231464374,
    "time_mean": 18.214143043337366
}