{
    "acc_test_mean": 0.9422180742928399,
    "acc_train_mean": 0.9422382128685067,
    "dataset": "Mushroom",
    "lambda0": 0.001,
    "lambda1": 0.001,
    "loss_mean": 0.0685071945266969,
    "model": "dc",
    "n_features": 184,
    "n_samples": 5644,
    "nconditions_mean": 4.999999999999999,
    "nrules_mean": 1.0,
    "time_mean": 29.356968627088072
}