{
    "acc_test_mean": 0.8964048080895405,
    "acc_train_mean": 0.9964361972352488,
    "dataset": "Ionosphere",
    "loss_mean": 0.02848999575292766,
    "model": "nonconvex",
    "n_features": 566,
    "n_samples": 351,
    "nconditions_mean": 18.198062174109687,
    "nrules_mean": 8.93740699816349,
    "time_mean": 2.50264636875316
}