{
    "0": {
        "regobjs_train": [
            0.3428571392702584,
            0.06265476199223555,
            0.062654761983932,
            0.06265476205479163,
            0.06265476190938851,
            0.06265476190938851,
            0.053255952396291925,
            0.053255952396291925,
            0.04854404762637762,
            0.04854404762637762,
            0.04398214297494071,
            0.04398214297494071,
            0.03942023812105576,
            0.03942023812105576,
            0.027690476524912425,
            0.02545952384969496,
            0.02545952384969496,
            0.02089761906999872,
            0.02089761906999872,
            0.016335714355947807,
            0.016335714355947807,
            0.011573809535694087,
            0.011573809535694087
        ],
        "objs_val": [
            0.4428571389898979,
            0.08571428573029691,
            0.07770600706735312,
            0.07787290657794352,
            0.07665947316783994,
            0.07665947316783994,
            0.07620901117627155,
            0.07620901117627155,
            0.0992570296227338,
            0.0992570296227338,
            0.09506443398016998,
            0.09506443398016998,
            0.07514658045515595,
            0.07514658045515595,
            0.061712859458763154,
            0.04900595874786131,
            0.04900595874786131,
            0.04034909848668595,
            0.04034909848668595,
            0.09784156305177551,
            0.09784156305177551,
            0.10815962350292528,
            0.10815962350292528
        ],
        "conv_points": [
            0,
            0,
            0,
            0,
            0,
            1,
            0,
            1,
            0,
            1,
            0,
            1,
            0,
            1,
            0,
            0,
            1,
            0,
            1,
            0,
            1,
            0,
            1
        ]
    },
    "1": {
        "regobjs_train": [
            0.3285714269101964,
            0.07679047638584399,
            0.07679047638584399,
            0.05318095262771179,
            0.05318095262771179,
            0.03914523826152909,
            0.03914523818419781,
            0.03914523818419781,
            0.02987142867162414,
            0.02987142867162414,
            0.025159523816169725,
            0.025159523989330294,
            0.02515952392933351,
            0.02515952392933351,
            0.015885714289234784,
            0.015885714289234784
        ],
        "objs_val": [
            0.35211267472512814,
            0.12676056914398887,
            0.12676056914398887,
            0.14084507053945897,
            0.14084507053945897,
            0.13573945876428525,
            0.13535090751965634,
            0.13535090751965634,
            0.13002700841813122,
            0.13002700841813122,
            0.1423389805352569,
            0.14214977147907448,
            0.14217919023705042,
            0.14217919023705042,
            0.15460547229179905,
            0.15460547229179905
        ],
        "conv_points": [
            0,
            0,
            1,
            0,
            1,
            0,
            0,
            1,
            0,
            1,
            0,
            0,
            0,
            1,
            0,
            1
        ]
    },
    "2": {
        "regobjs_train": [
            0.37619047401154504,
            0.04836904762568242,
            0.04836904762690054,
            0.03904523810952597,
            0.03897023809822324,
            0.03897023809822324,
            0.029571428819020466,
            0.029571428819020466,
            0.02500952384639153,
            0.02500952384639153,
            0.0202976190558457,
            0.0202976190558457,
            0.01098630976176823,
            0.01098630976176823,
            0.006424404771957517,
            0.006424404771957517
        ],
        "objs_val": [
            0.36619718121157085,
            0.05633802817478784,
            0.056338028239041785,
            0.05633802817313139,
            0.05912025052102008,
            0.05912025052102008,
            0.056338025635809856,
            0.056338025635809856,
            0.056338028021365526,
            0.056338028021365526,
            0.05625037769813064,
            0.05625037769813064,
            0.06812334827855951,
            0.06812334827855951,
            0.06846328675187108,
            0.06846328675187108
        ],
        "conv_points": [
            0,
            0,
            1,
            0,
            0,
            1,
            0,
            1,
            0,
            1,
            0,
            1,
            0,
            1,
            0,
            1
        ]
    },
    "3": {
        "regobjs_train": [
            0.3619047545861435,
            0.06756666668082315,
            0.06734166668483181,
            0.06734166668483181,
            0.05318095238284761,
            0.05318095238284761,
            0.029621428671749928,
            0.029621428671749928,
            0.020297619249070815,
            0.020297619249070815,
            0.015735714460070646,
            0.015735714460070646,
            0.006311904775808678,
            0.006311904775808678
        ],
        "objs_val": [
            0.3802816848930154,
            0.1126760563437579,
            0.09859154935531718,
            0.09859154935531718,
            0.09266728884450501,
            0.09266728884450501,
            0.07311189551047492,
            0.07311189551047492,
            0.06685379363493672,
            0.06685379363493672,
            0.07684132131039213,
            0.07684132131039213,
            0.05891707993166515,
            0.05891707993166515
        ],
        "conv_points": [
            0,
            0,
            0,
            1,
            0,
            1,
            0,
            1,
            0,
            1,
            0,
            1,
            0,
            1
        ]
    },
    "4": {
        "regobjs_train": [
            0.3333333318971893,
            0.06250476216407423,
            0.06250476216407423,
            0.043657142886098066,
            0.043657142886098066,
            0.024859523845266303,
            0.0248595238441481,
            0.0248595238441481,
            0.02014761905276039,
            0.02014761905276039,
            0.01077380953606807,
            0.01077380953606807,
            0.006061904768074092,
            0.006061904768074092
        ],
        "objs_val": [
            0.40845070259673333,
            0.11267605756469638,
            0.11267605756469638,
            0.09859154949524887,
            0.09859154949524887,
            0.07042253522174628,
            0.07042253522140582,
            0.07042253522140582,
            0.11267605631432936,
            0.11267605631432936,
            0.04225352184698827,
            0.04225352184698827,
            0.042253521167707364,
            0.042253521167707364
        ],
        "conv_points": [
            0,
            0,
            1,
            0,
            1,
            0,
            0,
            1,
            0,
            1,
            0,
            1,
            0,
            1
        ]
    }
}