{
    "0": {
        "regobjs_train": [
            0.5560619872379002,
            0.5560619871974131
        ],
        "conv_points": [
            0,
            1
        ]
    },
    "1": {
        "regobjs_train": [
            0.5587967183226752,
            0.5587967173914152
        ],
        "conv_points": [
            0,
            1
        ]
    },
    "2": {
        "regobjs_train": [
            0.5573770491803067,
            0.5573770491174295
        ],
        "conv_points": [
            0,
            1
        ]
    },
    "3": {
        "regobjs_train": [
            0.5573770491803077,
            0.5573770490912857
        ],
        "conv_points": [
            0,
            1
        ]
    },
    "4": {
        "regobjs_train": [
            0.5473588342440653,
            0.5473588342223353
        ],
        "conv_points": [
            0,
            1
        ]
    }
}