{
    "0": {
        "regobjs_train": [
            0.032950680272108866,
            0.03295068027210889,
            0.0329506802721089,
            0.032950680272108894,
            0.03295068027210891,
            0.0329506802721089,
            0.0329506802721089
        ],
        "conv_points": [
            1,
            1,
            1,
            1,
            1,
            1,
            1
        ]
    },
    "1": {
        "regobjs_train": [
            0.029761904761904785,
            0.02976190476190479,
            0.029761904761904805,
            0.02976190476190482,
            0.029761904761904837,
            0.02976190476190486,
            0.029761904761904857,
            0.029761904761904864
        ],
        "conv_points": [
            1,
            1,
            1,
            1,
            1,
            1,
            1,
            1
        ]
    },
    "2": {
        "regobjs_train": [
            0.029968119022316702,
            0.02996811902231669,
            0.029968119022316754,
            0.029968119022316744,
            0.029968119022316733,
            0.029968119022316702,
            0.02996811902231671
        ],
        "conv_points": [
            1,
            1,
            1,
            1,
            1,
            1,
            1
        ]
    },
    "3": {
        "regobjs_train": [
            0.03400637619553674,
            0.03400637619553668,
            0.03400637619553672,
            0.03400637619553671,
            0.0340063761955367,
            0.03400637619553671
        ],
        "conv_points": [
            1,
            1,
            1,
            1,
            1,
            1
        ]
    },
    "4": {
        "regobjs_train": [
            0.030180658873538827,
            0.03018065887353886,
            0.030180658873538897,
            0.030180658873538796,
            0.03018065887353879,
            0.03018065887353879
        ],
        "conv_points": [
            1,
            1,
            1,
            1,
            1,
            1
        ]
    }
}