{
    "0": {
        "regobjs_train": [
            0.9670493194472092,
            0.032950680272108866,
            0.032950680272108866
        ],
        "conv_points": [
            0,
            0,
            1
        ]
    },
    "1": {
        "regobjs_train": [
            0.9702380942175801,
            0.029761904761904785,
            0.029761904761904774
        ],
        "conv_points": [
            0,
            0,
            1
        ]
    },
    "2": {
        "regobjs_train": [
            0.9700318805972247,
            0.029968119022316702,
            0.029968119022316726
        ],
        "conv_points": [
            0,
            0,
            1
        ]
    },
    "3": {
        "regobjs_train": [
            0.96599362355618,
            0.03400637619553674,
            0.03400637619553687,
            0.034006376195536744
        ],
        "conv_points": [
            0,
            0,
            1,
            1
        ]
    },
    "4": {
        "regobjs_train": [
            0.9698193410743835,
            0.030180658873538827,
            0.03018065887353909
        ],
        "conv_points": [
            0,
            0,
            1
        ]
    }
}