{
    "acc_test_mean": 0.9679800696377074,
    "acc_train_mean": 0.9679920558731662,
    "dataset": "Bank Marketing",
    "lambda0": 0.0001,
    "lambda1": 5e-05,
    "loss_mean": 0.058977527037272,
    "model": "nonconvex",
    "n_features": 180,
    "n_samples": 7842,
    "nconditions_mean": 181.00000000000006,
    "nrules_mean": 181.00000000000006,
    "time_mean": 2.5363421494897556
}