{
    "acc_test_mean": 0.9679800696377074,
    "acc_train_mean": 0.9679920558731662,
    "dataset": "Bank Marketing",
    "lambda0": 0.0001,
    "lambda1": 5e-05,
    "loss_mean": 0.04369307568484368,
    "model": "nonconvex",
    "n_features": 180,
    "n_samples": 7842,
    "nconditions_mean": 2.3839555034549,
    "nrules_mean": 2.3839555034549,
    "time_mean": 20.956780048143912
}